"","new.cap.time","unique.cons.time","unique.den"
"1",46.83111,73.71083,13
"2",82.09778,103.2339,18
"3",109.62,152.8811,27
"4",155.42,164.5543,28
"5",174.0756,185.8437,32
