"","new.cap.time","unique.cons.time","unique.den"
"1",65.16444,82.83962,15
"2",99.56445,111.2275,20
"3",114.3422,124.6251,21
"4",131.8867,145.6188,25
"5",171.1422,182.5574,31
